<?xml version="1.0" encoding="UTF-8"?>

<!DOCTYPE struts PUBLIC
		"-//Apache Software Foundation//DTD Struts Configuration 2.5//EN"
		"http://struts.apache.org/dtds/struts-2.5.dtd">

<struts>
	<constant name="struts.action.extension" value=","/>
	<!--自动装配-->
	<constant name="struts.objectFactory.spring.autoWire.alwaysRespect" value="true"/>
	<package name="login" extends="struts-default">
		<interceptors>
			<interceptor name="SessionCheck" class="com.cui.interceptor.SessionCheck"/>
			<interceptor-stack name="Session">
				<interceptor-ref name="SessionCheck"/>
				<interceptor-ref name="defaultStack"/>
			</interceptor-stack>
		</interceptors>
		<action name="index" class="com.cui.action.MainAction">
			<result name="TOURIST">tourist_home.jsp</result>
			<result name="USER_LOGIN">user_home.jsp</result>
		</action>
		<action name="posts" class="com.cui.action.PostsAction">
			<result name="TOURIST">tourist_posts.jsp</result>
			<result name="USER_LOGIN">user_posts.jsp</result>
		</action>
		<action name="getPosts" class="com.cui.action.GetPostsApiAction">
		</action>
		<action name="post" class="com.cui.action.PostAction">
			<result name="TOURIST">tourist_post.jsp</result>
			<result name="USER_LOGIN">user_post.jsp</result>
			<result name="error" type="httpheader">
				<param name="status">404</param>
			</result>
		</action>
		<action name="savePost" class="com.cui.action.SavePostAction">
		</action>
		<action name="saveReply" class="com.cui.action.SaveReplyAction">
		</action>
		<action name="boardManager" class="com.cui.action.BoardManagerAction">
			<result name="success">user_boardManager.jsp</result>
			<result name="error" type="httpheader">
				<param name="status">404</param>
			</result>
		</action>
		<action name="deleteBoard" class="com.cui.action.DeleteBoardAction">
			<result name="success" type="redirectAction">boardManager?sessionId=${sessionId}</result>
			<result name="error" type="httpheader">
				<param name="status">404</param>
			</result>
		</action>
		<action name="addBoard" class="com.cui.action.AddBoardAction">
			<interceptor-ref name="fileUpload">
				<param name="allowedTypes">image/*</param>
			</interceptor-ref>
			<interceptor-ref name="defaultStack"/>
			<param name="destPath">/home/cuiwenbin/gitLocal/ssh/bbs/web/images/board</param>
			<result name="success" type="redirectAction">boardManager?sessionId=${sessionId}</result>
			<result name="error" type="httpheader">
				<param name="status">404</param>
			</result>
		</action>
		<action name="myPost" class="com.cui.action.MyPostAction">
			<result name="success">/user_postsManager.jsp</result>
			<result name="error" type="httpheader">
				<param name="status">404</param>
			</result>
		</action>
		<action name="deletePost" class="com.cui.action.DeletePostAction">
			<result name="success" type="redirectAction">myPost?sessionId=${sessionId}</result>
			<result name="error" type="httpheader">
				<param name="status">404</param>
			</result>
		</action>
		<action name="myReplies" class="com.cui.action.LoadMyRepliesAction">
			<result name="success">/user_repliesManager.jsp</result>
			<result name="error" type="httpheader">
				<param name="status">404</param>
			</result>
		</action>
		
		<action name="deleteReply" class="com.cui.action.DeleteReplyAction">
			<result name="success" type="redirectAction">
				<param name="actionName">post</param>
				<param name="sessionId">${sessionId}</param>
				<param name="post">${post}</param>
			</result>
		</action>
		
		
		<!--到这了-->
		<action name="myInfo" class="com.cui.action.MyInfoAction">
			<result name="success">/user_InfoManager.jsp</result>
			<result name="error" type="httpheader">
				<param name="status">404</param>
			</result>
		</action>
		<action name="modifyInfo" class="com.cui.action.ModifyInfoAction">
			<interceptor-ref name="fileUpload">
				<param name="allowedTypes">image/*</param>
			</interceptor-ref>
			<interceptor-ref name="defaultStack"/>
			<param name="destPath">/home/cuiwenbin/gitLocal/ssh/bbs/web/images/head</param>
			<result name="success" type="redirectAction">myInfo?sessionId=${sessionId}</result>
			<result name="error" type="httpheader">
				<param name="status">404</param>
			</result>
		</action>
		<action name="checkPassword" class="com.cui.action.CheckPasswordAction"/>
		<action name="logout" class="com.cui.action.LogoutAction">
			<result name="success" type="redirectAction">login</result>
		</action>
		
		<action name="login" class="com.cui.action.indexAction">
			<interceptor-ref name="Session"/>
			<result name="input">/login.jsp</result>
			<result name="success" type="redirectAction">index?sessionId=${sessionId}</result>
		</action>
		
		<action name="loginAction" class="com.cui.action.LoginAction">
			<result name="success" type="redirectAction">index?sessionId=${sessionID}</result>
			<result name="input">/login.jsp</result>
		</action>
		
		<action name="modifyPassword" class="com.cui.action.ModifyPasswordAction">
			<result name="success" type="redirectAction">login</result>
			<result name="error" type="httpheader">
				<param name="status">404</param>
			</result>
		</action>
	</package>
</struts>