<?xml version="1.0" ?>
<!DOCTYPE hibernate-mapping PUBLIC
		"-//Hibernate/Hibernate Mapping DTD 3.0//EN"
		"http://hibernate.sourceforge.net/hibernate-mapping-3.0.dtd">

<hibernate-mapping package="com.cui.po">
	<class name="Admin" table="admin" lazy="false">
		<id name="id" column="id" type="java.lang.Integer">
			<generator class="increment"/>
		</id>
		<property name="account" column="account" not-null="true" type="java.lang.String"/>
		<property name="password" column="password" not-null="true" type="java.lang.String"/>
		<property name="permission" column="qx" not-null="true" type="java.lang.Integer"/>
		<property name="nickname" column="nickName" type="java.lang.String"/>
		<property name="photoPath" column="photoPath" type="java.lang.String"/>
		<property name="name" column="name" type="java.lang.String"/>
	</class>
</hibernate-mapping>