<?xml version="1.0" ?>
<!DOCTYPE hibernate-mapping PUBLIC
		"-//Hibernate/Hibernate Mapping DTD 3.0//EN"
		"http://hibernate.sourceforge.net/hibernate-mapping-3.0.dtd">

<hibernate-mapping package="com.cui.po">
	<class name="Board" table="board" lazy="false">
		<id name="id" column="id" type="java.lang.Integer">
			<generator class="increment"/>
		</id>
		<property name="name" type="java.lang.String" column="name"/>
		<property name="description" type="java.lang.String" column="description"/>
		<property name="boardImg" type="java.lang.String" column="boardImg"/>
		<many-to-one name="aid" column="aid" fetch="select" class="Admin"/>
		<many-to-one name="parentId" column="parentId" fetch="select" class="Board"/>
		<!--inverse 是否将集合对象反应到数据库中-->
		<set name="childBoards" cascade="all-delete-orphan" order-by="id asc" lazy="false" inverse="true">
			<key column="parentId"/>
			<one-to-many class="com.cui.po.Board"/>
		</set>
	</class>
</hibernate-mapping>