<?xml version="1.0" ?>
<!DOCTYPE hibernate-mapping PUBLIC
		"-//Hibernate/Hibernate Mapping DTD 3.0//EN"
		"http://hibernate.sourceforge.net/hibernate-mapping-3.0.dtd">

<hibernate-mapping package="com.cui.po">
	<class name="Post" table="post" lazy="false">
		<id name="id" column="id" type="java.lang.Integer">
			<generator class="increment"/>
		</id>
		<property name="name" column="name" type="java.lang.String"/>
		<property name="content" column="content" type="java.lang.String"/>
		<property name="publishTime" column="publishTime" type="java.lang.String"/>
		<property name="count" column="count" type="java.lang.Integer"/>
		<many-to-one name="aid" column="aid" class="Admin" lazy="false"/>
		<many-to-one name="bid" column="bid"  class="Board" lazy="false"/>
		<many-to-one name="sid" column="sid" class="Student" lazy="false"/>
		<set name="replies" cascade="all-delete-orphan" order-by="publishTime asc" lazy="false" inverse="true">
			<key column="pid"/>
			<one-to-many class="com.cui.po.Reply"/>
		</set>
	</class>
</hibernate-mapping>